1;Title note 1;Text note;1207984762
2;Title note 2;Text note dsffdsfdgs sdfsdf;1207994762
3;Title note 3;Text note;1307999762
4;Title note 4;Text note;1308096296
5;Title note 5;Text note;1408096608
6;Title note 6;Text note;1408096920
7;Title note 7;Text note;1509097232
8;Title note 8;Text note;1509097544
9;Title note 9;Text note;1610097856
10;Title note 10;Text note;1610098168
11;Title note 11;Text note;1710098480
12;Title note 12;Text note;1728098792
13;Title note 13;Text note;1728099104
14;Title note 14;Text note;1728099416
15;Title note 15;Text note;1828099728
16;Title note 16;Text note;1828100040
17;Title note 17;Text note;1828100352
18;Title note 18;Text note;1938100664
19;Title note 19;Text note;1938100976
20;Title note 20;Text note;1938101288
21;Title note 21;Text note;1938101600
22;Title note 22;Text note;1938101912
23;Title note 23;Text note;1948102224
24;Title note 24;Text note;19481025362
